time_period,month_index,feature_name,feature_type,metric_type,drift_score,p_value,drift_status,alert_flag,reference_mean,current_mean,reference_std,current_std,mean_delta
Month 1,1,age,Continuous,KS-Statistic,0.0445,0.933941,Low Drift (Normal),0,54.44,53.86,9.04,9.33,-0.57
Month 1,1,trestbps,Continuous,KS-Statistic,0.0545,0.783721,Low Drift (Normal),0,131.69,131.69,17.6,18.01,-0.0
Month 1,1,chol,Continuous,KS-Statistic,0.0429,0.949508,Low Drift (Normal),0,246.69,246.5,51.78,50.29,-0.19
Month 1,1,thalach,Continuous,KS-Statistic,0.07,0.484209,Low Drift (Normal),0,149.61,151.62,22.88,22.01,2.01
Month 1,1,oldpeak,Continuous,KS-Statistic,0.0525,0.818276,Low Drift (Normal),0,1.04,0.97,1.16,1.09,-0.07
Month 1,1,ca,Continuous,KS-Statistic,0.0219,0.999999,Low Drift (Normal),0,0.66,0.64,0.93,0.94,-0.03
Month 1,1,cp,Categorical,PSI,0.0117,0.5,Low Drift (Normal),0,3.16,3.2,0.96,0.92,0.04
Month 1,1,sex,Categorical,PSI,0.0011,0.5,Low Drift (Normal),0,0.68,0.66,0.47,0.47,-0.02
Month 1,1,restecg,Categorical,PSI,0.0116,0.5,Low Drift (Normal),0,0.99,0.9,0.99,0.99,-0.09
Month 1,1,exang,Categorical,PSI,0.0,0.5,Low Drift (Normal),0,0.33,0.32,0.47,0.47,-0.0
Month 2,2,age,Continuous,KS-Statistic,0.0508,0.847965,Low Drift (Normal),0,54.44,54.74,9.04,9.1,0.3
Month 2,2,trestbps,Continuous,KS-Statistic,0.1924,6.4e-05,Medium Drift (Warning),1,131.69,138.68,17.6,18.32,6.99
Month 2,2,chol,Continuous,KS-Statistic,0.1349,0.012098,Medium Drift (Warning),1,246.69,260.53,51.78,47.74,13.84
Month 2,2,thalach,Continuous,KS-Statistic,0.1327,0.014201,Medium Drift (Warning),1,149.61,143.96,22.88,23.38,-5.65
Month 2,2,oldpeak,Continuous,KS-Statistic,0.0519,0.829758,Low Drift (Normal),0,1.04,1.11,1.16,1.2,0.07
Month 2,2,ca,Continuous,KS-Statistic,0.0286,0.999662,Low Drift (Normal),0,0.66,0.73,0.93,0.99,0.07
Month 2,2,cp,Categorical,PSI,0.009,0.5,Low Drift (Normal),0,3.16,3.08,0.96,1.01,-0.08
Month 2,2,sex,Categorical,PSI,0.0011,0.5,Low Drift (Normal),0,0.68,0.66,0.47,0.47,-0.02
Month 2,2,restecg,Categorical,PSI,0.004,0.5,Low Drift (Normal),0,0.99,1.05,0.99,0.99,0.06
Month 2,2,exang,Categorical,PSI,0.0033,0.5,Low Drift (Normal),0,0.33,0.3,0.47,0.46,-0.03
Month 3,3,age,Continuous,KS-Statistic,0.4455,0.0,High Drift (Critical),2,54.44,62.25,9.04,8.27,7.81
Month 3,3,trestbps,Continuous,KS-Statistic,0.1113,0.061005,Low Drift (Normal),0,131.69,135.1,17.6,18.47,3.41
Month 3,3,chol,Continuous,KS-Statistic,0.0745,0.407272,Low Drift (Normal),0,246.69,249.8,51.78,57.33,3.11
Month 3,3,thalach,Continuous,KS-Statistic,0.3121,0.0,High Drift (Critical),2,149.61,133.93,22.88,20.55,-15.68
Month 3,3,oldpeak,Continuous,KS-Statistic,0.2787,0.0,High Drift (Critical),2,1.04,1.45,1.16,1.36,0.41
Month 3,3,ca,Continuous,KS-Statistic,0.0901,0.200293,Low Drift (Normal),0,0.66,0.82,0.93,0.96,0.16
Month 3,3,cp,Categorical,PSI,0.0724,0.5,Low Drift (Normal),0,3.16,3.26,0.96,0.99,0.1
Month 3,3,sex,Categorical,PSI,0.0158,0.5,Low Drift (Normal),0,0.68,0.62,0.47,0.49,-0.06
Month 3,3,restecg,Categorical,PSI,0.0038,0.5,Low Drift (Normal),0,0.99,1.02,0.99,0.99,0.03
Month 3,3,exang,Categorical,PSI,0.0028,0.5,Low Drift (Normal),0,0.33,0.35,0.47,0.48,0.03
Month 4,4,age,Continuous,KS-Statistic,0.0708,0.470948,Low Drift (Normal),0,54.44,55.01,9.04,8.91,0.57
Month 4,4,trestbps,Continuous,KS-Statistic,0.3502,0.0,High Drift (Critical),2,131.69,144.52,17.6,19.49,12.83
Month 4,4,chol,Continuous,KS-Statistic,0.0604,0.669112,Low Drift (Normal),0,246.69,251.0,51.78,51.48,4.3
Month 4,4,thalach,Continuous,KS-Statistic,0.0778,0.354935,Low Drift (Normal),0,149.61,151.95,22.88,21.6,2.34
Month 4,4,oldpeak,Continuous,KS-Statistic,0.0282,0.999731,Low Drift (Normal),0,1.04,1.02,1.16,1.16,-0.02
Month 4,4,ca,Continuous,KS-Statistic,0.0579,0.717701,Low Drift (Normal),0,0.66,0.58,0.93,0.9,-0.08
Month 4,4,cp,Categorical,PSI,0.0505,0.5,Low Drift (Normal),0,3.16,3.1,0.96,0.9,-0.05
Month 4,4,sex,Categorical,PSI,0.2081,0.001,Medium Drift (Warning),1,0.68,0.46,0.47,0.5,-0.22
Month 4,4,restecg,Categorical,PSI,0.0003,0.5,Low Drift (Normal),0,0.99,1.0,0.99,1.0,0.01
Month 4,4,exang,Categorical,PSI,0.0143,0.5,Low Drift (Normal),0,0.33,0.27,0.47,0.45,-0.05
Month 5,5,age,Continuous,KS-Statistic,0.3953,0.0,High Drift (Critical),2,54.44,62.36,9.04,8.11,7.93
Month 5,5,trestbps,Continuous,KS-Statistic,0.4542,0.0,High Drift (Critical),2,131.69,152.33,17.6,23.22,20.64
Month 5,5,chol,Continuous,KS-Statistic,0.4634,0.0,High Drift (Critical),2,246.69,309.49,51.78,66.27,62.79
Month 5,5,thalach,Continuous,KS-Statistic,0.4324,0.0,High Drift (Critical),2,149.61,128.26,22.88,20.71,-21.34
Month 5,5,oldpeak,Continuous,KS-Statistic,0.0658,0.56292,Low Drift (Normal),0,1.04,1.14,1.16,1.15,0.1
Month 5,5,ca,Continuous,KS-Statistic,0.0646,0.586927,Low Drift (Normal),0,0.66,0.83,0.93,1.04,0.17
Month 5,5,cp,Categorical,PSI,0.0205,0.5,Low Drift (Normal),0,3.16,3.27,0.96,0.92,0.11
Month 5,5,sex,Categorical,PSI,0.0006,0.5,Low Drift (Normal),0,0.68,0.67,0.47,0.47,-0.01
Month 5,5,restecg,Categorical,PSI,0.4058,0.001,High Drift (Critical),2,0.99,1.23,0.99,0.9,0.24
Month 5,5,exang,Categorical,PSI,0.0143,0.5,Low Drift (Normal),0,0.33,0.38,0.47,0.49,0.06
