time_period,month_index,attribute_type,subgroup,sample_size,group_accuracy,group_precision,group_recall,group_fnr,group_fpr,group_positive_rate,disparity_metric,fairness_gap,fnr_gap,disparate_impact_ratio,fairness_status
Month 0 (Baseline Ref),0,Biological Sex,Male,41,0.8537,0.8,0.9524,0.0476,0.25,0.6098,Recall Gap (vs Counterpart),0.0953,0.0953,0.492,Acceptable Disparity (0.06-0.12)
Month 0 (Baseline Ref),0,Biological Sex,Female,20,0.95,1.0,0.8571,0.1429,0.0,0.3,Recall Gap (vs Counterpart),0.0953,0.0953,0.492,Acceptable Disparity (0.06-0.12)
Month 0 (Baseline Ref),0,Age Bracket,Younger (<55),28,1.0,1.0,1.0,0.0,0.0,0.25,Recall Gap (vs Counterpart),0.0952,0.0952,2.9092,Acceptable Disparity (0.06-0.12)
Month 0 (Baseline Ref),0,Age Bracket,Senior (>=55),33,0.7879,0.7917,0.9048,0.0952,0.4167,0.7273,Recall Gap (vs Counterpart),0.0952,0.0952,2.9092,Acceptable Disparity (0.06-0.12)
Month 1,1,Biological Sex,Male,166,0.8795,0.8989,0.8791,0.1209,0.12,0.5361,Recall Gap (vs Counterpart),0.0609,0.0609,0.3997,Acceptable Disparity (0.06-0.12)
Month 1,1,Biological Sex,Female,84,0.9524,1.0,0.8182,0.1818,0.0,0.2143,Recall Gap (vs Counterpart),0.0609,0.0609,0.3997,Acceptable Disparity (0.06-0.12)
Month 1,1,Age Bracket,Younger (<55),117,0.9487,0.9286,0.8667,0.1333,0.023,0.2393,Recall Gap (vs Counterpart),0.0008,0.0008,2.4822,Fair (<=0.06)
Month 1,1,Age Bracket,Senior (>=55),133,0.8647,0.9114,0.8675,0.1325,0.14,0.594,Recall Gap (vs Counterpart),0.0008,0.0008,2.4822,Fair (<=0.06)
Month 2,2,Biological Sex,Male,166,0.8795,0.9043,0.8854,0.1146,0.1286,0.5663,Recall Gap (vs Counterpart),0.1486,0.1486,0.2944,Disparate Impact Warning (>0.12)
Month 2,2,Biological Sex,Female,84,0.9405,1.0,0.7368,0.2632,0.0,0.1667,Recall Gap (vs Counterpart),0.1486,0.1486,0.2944,Disparate Impact Warning (>0.12)
Month 2,2,Age Bracket,Younger (<55),114,0.9825,0.9706,0.9706,0.0294,0.0125,0.2982,Recall Gap (vs Counterpart),0.1558,0.1558,1.8246,Disparate Impact Warning (>0.12)
Month 2,2,Age Bracket,Senior (>=55),136,0.8309,0.8919,0.8148,0.1852,0.1455,0.5441,Recall Gap (vs Counterpart),0.1558,0.1558,1.8246,Disparate Impact Warning (>0.12)
Month 3,3,Biological Sex,Male,155,0.8452,0.8707,0.9182,0.0818,0.3333,0.7484,Recall Gap (vs Counterpart),0.1885,0.1885,0.4079,Disparate Impact Warning (>0.12)
Month 3,3,Biological Sex,Female,95,0.8737,0.931,0.7297,0.2703,0.0345,0.3053,Recall Gap (vs Counterpart),0.1885,0.1885,0.4079,Disparate Impact Warning (>0.12)
Month 3,3,Age Bracket,Younger (<55),35,0.9429,1.0,0.8824,0.1176,0.0,0.4286,Recall Gap (vs Counterpart),0.0132,0.0132,1.4109,Fair (<=0.06)
Month 3,3,Age Bracket,Senior (>=55),215,0.8419,0.8692,0.8692,0.1308,0.2,0.6047,Recall Gap (vs Counterpart),0.0132,0.0132,1.4109,Fair (<=0.06)
Month 4,4,Biological Sex,Male,114,0.9298,0.918,0.9492,0.0508,0.0909,0.5351,Recall Gap (vs Counterpart),0.3128,0.3128,0.316,Disparate Impact Warning (>0.12)
Month 4,4,Biological Sex,Female,136,0.8971,0.913,0.6364,0.3636,0.0194,0.1691,Recall Gap (vs Counterpart),0.3128,0.3128,0.316,Disparate Impact Warning (>0.12)
Month 4,4,Age Bracket,Younger (<55),107,0.9813,0.95,0.95,0.05,0.0115,0.1869,Recall Gap (vs Counterpart),0.1444,0.1444,2.3949,Disparate Impact Warning (>0.12)
Month 4,4,Age Bracket,Senior (>=55),143,0.8601,0.9062,0.8056,0.1944,0.0845,0.4476,Recall Gap (vs Counterpart),0.1444,0.1444,2.3949,Disparate Impact Warning (>0.12)
Month 5,5,Biological Sex,Male,167,0.8263,0.8595,0.8966,0.1034,0.3333,0.7246,Recall Gap (vs Counterpart),0.138,0.138,0.4489,Disparate Impact Warning (>0.12)
Month 5,5,Biological Sex,Female,83,0.8554,0.8148,0.7586,0.2414,0.0926,0.3253,Recall Gap (vs Counterpart),0.138,0.138,0.4489,Disparate Impact Warning (>0.12)
Month 5,5,Age Bracket,Younger (<55),39,0.9487,1.0,0.875,0.125,0.0,0.359,Recall Gap (vs Counterpart),0.0068,0.0068,1.7691,Fair (<=0.06)
Month 5,5,Age Bracket,Senior (>=55),211,0.8152,0.8358,0.8682,0.1318,0.2683,0.6351,Recall Gap (vs Counterpart),0.0068,0.0068,1.7691,Fair (<=0.06)
