age,sex,cp,trestbps,chol,fbs,restecg,thalach,exang,oldpeak,slope,ca,thal,target
56.0,0.0,2.0,139.0,295.0,0.0,2.0,153.0,0.0,1.3,2.0,0.0,3.0,0
54.0,0.0,3.0,135.0,303.0,1.0,0.0,170.0,0.0,0.0,1.0,0.0,3.0,0
53.0,0.0,3.0,128.0,218.0,0.0,2.0,115.0,0.0,0.0,1.0,0.0,3.0,0
65.0,0.0,3.0,157.0,364.0,0.0,2.0,151.0,0.0,0.8,1.0,0.0,3.0,0
65.0,0.0,4.0,152.0,228.0,0.0,2.0,114.0,0.0,1.0,2.0,3.0,7.0,1
29.0,1.0,2.0,133.0,200.0,0.0,2.0,202.0,0.0,0.0,1.0,0.0,3.0,0
54.0,0.0,3.0,134.0,302.0,1.0,0.0,170.0,0.0,0.0,1.0,0.0,3.0,0
67.0,1.0,4.0,118.0,237.0,0.0,0.0,71.0,0.0,1.0,2.0,0.0,3.0,1
41.0,0.0,3.0,114.0,269.0,0.0,2.0,172.0,1.0,0.0,1.0,0.0,3.0,0
43.0,1.0,4.0,132.0,248.0,1.0,2.0,143.0,1.0,0.1,2.0,0.0,7.0,1
61.0,0.0,4.0,144.0,306.0,0.0,2.0,146.0,1.0,1.0,2.0,0.0,7.0,1
56.0,1.0,2.0,120.0,237.0,0.0,0.0,178.0,0.0,0.8,1.0,0.0,3.0,0
65.0,0.0,4.0,151.0,227.0,0.0,2.0,114.0,0.0,1.0,2.0,3.0,7.0,1
53.0,1.0,3.0,129.0,194.0,1.0,2.0,152.0,0.0,1.2,3.0,0.0,3.0,0
56.0,1.0,4.0,123.0,250.0,1.0,2.0,144.0,1.0,1.2,2.0,1.0,3.0,1
70.0,1.0,4.0,144.0,172.0,0.0,0.0,125.0,1.0,2.6,3.0,0.0,7.0,1
51.0,1.0,1.0,124.0,214.0,0.0,2.0,125.0,1.0,1.4,1.0,1.0,3.0,0
61.0,0.0,4.0,131.0,328.0,0.0,2.0,169.0,0.0,0.0,1.0,0.0,3.0,1
62.0,1.0,2.0,130.0,206.0,1.0,2.0,140.0,0.0,0.0,1.0,0.0,3.0,0
64.0,1.0,1.0,173.0,228.0,0.0,2.0,155.0,0.0,0.6,2.0,0.0,7.0,0
56.0,0.0,4.0,200.0,290.0,1.0,2.0,133.0,1.0,4.0,3.0,2.0,7.0,1
60.0,1.0,4.0,124.0,258.0,0.0,2.0,141.0,1.0,2.8,2.0,1.0,7.0,1
53.0,1.0,4.0,123.0,281.0,0.0,0.0,95.0,1.0,2.0,2.0,2.0,7.0,1
57.0,1.0,3.0,128.0,227.0,0.0,2.0,150.0,0.0,0.4,2.0,1.0,7.0,1
54.0,1.0,2.0,107.0,311.0,0.0,0.0,156.0,0.0,0.0,1.0,0.0,7.0,0
42.0,1.0,2.0,119.0,297.0,0.0,0.0,162.0,0.0,0.0,1.0,0.0,3.0,0
61.0,1.0,4.0,138.0,161.0,0.0,2.0,125.0,1.0,3.6,2.0,1.0,3.0,1
58.0,1.0,4.0,130.0,218.0,0.0,2.0,131.0,1.0,2.2,2.0,3.0,7.0,1
48.0,1.0,3.0,124.0,256.0,1.0,0.0,175.0,0.0,0.0,1.0,2.0,3.0,0
48.0,1.0,4.0,122.0,222.0,0.0,2.0,186.0,0.0,0.0,1.0,0.0,3.0,0
61.0,1.0,4.0,150.0,199.0,0.0,0.0,161.0,0.0,0.0,1.0,1.0,7.0,1
57.0,0.0,4.0,119.0,353.0,0.0,0.0,163.0,1.0,0.6,1.0,0.0,3.0,0
71.0,0.0,3.0,108.0,262.0,1.0,2.0,130.0,0.0,0.0,1.0,1.0,3.0,0
63.0,0.0,4.0,127.0,199.0,0.0,0.0,136.0,1.0,0.0,2.0,0.0,3.0,1
49.0,0.0,2.0,135.0,273.0,0.0,0.0,162.0,0.0,0.0,2.0,0.0,3.0,0
71.0,0.0,3.0,110.0,269.0,1.0,2.0,130.0,0.0,0.0,1.0,1.0,3.0,0
57.0,1.0,4.0,129.0,130.0,0.0,0.0,115.0,1.0,1.2,2.0,1.0,7.0,1
63.0,1.0,1.0,144.0,231.0,1.0,2.0,150.0,0.0,2.3,3.0,0.0,6.0,0
58.0,1.0,3.0,140.0,213.0,1.0,2.0,165.0,0.0,0.0,1.0,0.0,3.0,0
59.0,1.0,2.0,138.0,224.0,0.0,0.0,164.0,1.0,0.0,1.0,0.0,3.0,0
71.0,0.0,4.0,111.0,149.0,0.0,0.0,125.0,0.0,1.6,2.0,0.0,3.0,0
52.0,1.0,4.0,125.0,210.0,0.0,0.0,168.0,0.0,1.0,1.0,2.0,7.0,1
64.0,0.0,3.0,140.0,315.0,0.0,0.0,133.0,0.0,0.2,1.0,0.0,7.0,0
67.0,0.0,3.0,115.0,500.0,0.0,2.0,160.0,0.0,1.6,2.0,0.0,7.0,0
48.0,1.0,3.0,127.0,253.0,1.0,0.0,175.0,0.0,0.0,1.0,2.0,3.0,0
51.0,1.0,4.0,141.0,298.0,0.0,0.0,122.0,1.0,4.2,2.0,3.0,7.0,1
64.0,1.0,1.0,169.0,228.0,0.0,2.0,155.0,0.0,0.6,2.0,0.0,7.0,0
69.0,0.0,1.0,137.0,237.0,0.0,0.0,151.0,0.0,1.8,1.0,2.0,3.0,0
57.0,1.0,4.0,140.0,189.0,0.0,0.0,148.0,0.0,0.4,2.0,0.0,6.0,0
71.0,0.0,3.0,109.0,264.0,1.0,2.0,130.0,0.0,0.0,1.0,1.0,3.0,0
66.0,0.0,3.0,145.0,277.0,0.0,2.0,152.0,0.0,0.0,2.0,1.0,3.0,0
61.0,1.0,4.0,139.0,167.0,0.0,2.0,125.0,1.0,3.6,2.0,1.0,3.0,1
55.0,0.0,4.0,127.0,202.0,0.0,1.0,130.0,1.0,2.0,2.0,1.0,7.0,1
64.0,1.0,4.0,145.0,215.0,0.0,2.0,132.0,0.0,2.0,2.0,2.0,6.0,1
50.0,1.0,4.0,151.0,244.0,0.0,2.0,128.0,0.0,2.6,2.0,0.0,7.0,1
66.0,1.0,4.0,114.0,211.0,0.0,2.0,132.0,1.0,0.1,1.0,1.0,3.0,1
52.0,1.0,4.0,111.0,230.0,0.0,0.0,160.0,0.0,0.0,1.0,1.0,3.0,1
62.0,1.0,2.0,118.0,281.0,0.0,2.0,103.0,0.0,1.4,2.0,1.0,7.0,1
62.0,0.0,4.0,141.0,392.0,0.0,2.0,157.0,0.0,1.2,2.0,0.0,3.0,0
54.0,1.0,3.0,130.0,273.0,0.0,2.0,152.0,0.0,0.5,3.0,1.0,3.0,0
42.0,1.0,2.0,121.0,296.0,0.0,0.0,162.0,0.0,0.0,1.0,0.0,3.0,0
62.0,1.0,3.0,129.0,230.0,0.0,0.0,146.0,0.0,1.8,2.0,3.0,7.0,0
43.0,0.0,4.0,133.0,341.0,1.0,2.0,136.0,1.0,3.0,2.0,0.0,7.0,1
43.0,1.0,4.0,149.0,249.0,0.0,0.0,171.0,0.0,1.5,1.0,0.0,3.0,0
37.0,1.0,3.0,129.0,248.0,0.0,0.0,187.0,0.0,3.5,3.0,0.0,3.0,0
52.0,1.0,3.0,170.0,198.0,1.0,0.0,162.0,0.0,0.5,1.0,0.0,7.0,0
57.0,1.0,4.0,112.0,202.0,0.0,0.0,126.0,1.0,1.5,2.0,0.0,6.0,0
45.0,0.0,4.0,137.0,237.0,0.0,2.0,152.0,1.0,0.2,2.0,0.0,3.0,0
45.0,0.0,4.0,138.0,235.0,0.0,2.0,152.0,1.0,0.2,2.0,0.0,3.0,0
48.0,1.0,4.0,131.0,255.0,1.0,2.0,150.0,1.0,0.0,1.0,2.0,7.0,1
60.0,0.0,1.0,153.0,239.0,0.0,0.0,171.0,0.0,0.9,1.0,0.0,3.0,0
71.0,0.0,3.0,107.0,265.0,1.0,2.0,130.0,0.0,0.0,1.0,1.0,3.0,0
66.0,1.0,4.0,113.0,210.0,0.0,2.0,132.0,1.0,0.1,1.0,1.0,3.0,1
67.0,1.0,4.0,124.0,255.0,1.0,0.0,163.0,0.0,0.2,2.0,2.0,7.0,1
60.0,0.0,3.0,121.0,183.0,1.0,0.0,96.0,0.0,0.0,1.0,0.0,3.0,0
58.0,0.0,4.0,101.0,250.0,0.0,2.0,122.0,0.0,1.0,2.0,0.0,3.0,0
50.0,1.0,4.0,145.0,203.0,0.0,2.0,126.0,1.0,0.9,2.0,0.0,7.0,1
47.0,1.0,4.0,112.0,208.0,0.0,0.0,143.0,0.0,0.1,1.0,0.0,3.0,0
51.0,1.0,3.0,111.0,174.0,0.0,0.0,123.0,0.0,0.6,1.0,0.0,3.0,0
51.0,1.0,3.0,95.0,225.0,0.0,0.0,154.0,1.0,0.0,1.0,1.0,7.0,0
51.0,1.0,3.0,108.0,178.0,0.0,0.0,123.0,0.0,0.6,1.0,0.0,3.0,0
58.0,1.0,4.0,113.0,319.0,0.0,1.0,140.0,0.0,4.4,3.0,3.0,6.0,1
60.0,0.0,3.0,102.0,316.0,0.0,0.0,160.0,0.0,0.0,1.0,1.0,3.0,0
58.0,0.0,1.0,151.0,284.0,1.0,2.0,162.0,0.0,1.0,1.0,0.0,3.0,0
58.0,1.0,3.0,132.0,224.0,0.0,2.0,173.0,0.0,3.2,1.0,2.0,7.0,1
54.0,1.0,4.0,121.0,286.0,0.0,2.0,116.0,1.0,3.2,2.0,2.0,3.0,1
43.0,1.0,4.0,117.0,303.0,0.0,0.0,181.0,0.0,1.2,2.0,0.0,3.0,0
63.0,0.0,3.0,134.0,251.0,0.0,2.0,172.0,0.0,0.0,1.0,0.0,3.0,0
59.0,1.0,1.0,161.0,275.0,0.0,2.0,125.0,0.0,0.0,1.0,0.0,3.0,1
66.0,0.0,3.0,147.0,278.0,0.0,2.0,152.0,0.0,0.0,2.0,1.0,3.0,0
66.0,0.0,1.0,148.0,227.0,0.0,0.0,114.0,0.0,2.6,3.0,0.0,3.0,0
56.0,1.0,2.0,120.0,235.0,0.0,0.0,178.0,0.0,0.8,1.0,0.0,3.0,0
46.0,0.0,4.0,142.0,245.0,0.0,2.0,152.0,1.0,0.0,2.0,0.0,3.0,0
51.0,1.0,4.0,141.0,295.0,0.0,0.0,122.0,1.0,4.2,2.0,3.0,7.0,1
39.0,1.0,3.0,140.0,320.0,0.0,2.0,182.0,0.0,0.0,1.0,0.0,3.0,0
51.0,0.0,3.0,140.0,308.0,0.0,2.0,142.0,0.0,1.5,1.0,1.0,3.0,0
51.0,1.0,3.0,94.0,227.0,0.0,0.0,154.0,1.0,0.0,1.0,1.0,7.0,0
60.0,0.0,4.0,159.0,303.0,0.0,2.0,161.0,0.0,0.0,1.0,0.0,3.0,1
52.0,1.0,2.0,128.0,212.0,1.0,0.0,184.0,0.0,0.0,1.0,0.0,3.0,0
53.0,1.0,3.0,131.0,198.0,1.0,2.0,152.0,0.0,1.2,3.0,0.0,3.0,0
44.0,1.0,4.0,113.0,291.0,0.0,2.0,153.0,0.0,0.0,1.0,1.0,3.0,1
51.0,0.0,3.0,120.0,295.0,0.0,2.0,157.0,0.0,0.6,1.0,0.0,3.0,0
57.0,1.0,4.0,110.0,335.0,0.0,0.0,143.0,1.0,3.0,2.0,1.0,7.0,1
48.0,1.0,4.0,125.0,273.0,0.0,2.0,166.0,0.0,0.5,2.0,0.0,7.0,1
58.0,1.0,4.0,118.0,319.0,0.0,1.0,140.0,0.0,4.4,3.0,3.0,6.0,1
65.0,0.0,4.0,149.0,223.0,0.0,2.0,114.0,0.0,1.0,2.0,3.0,7.0,1
59.0,1.0,4.0,137.0,275.0,0.0,2.0,182.0,0.0,0.0,1.0,0.0,3.0,0
57.0,0.0,2.0,128.0,232.0,0.0,2.0,174.0,0.0,0.0,2.0,1.0,3.0,1
60.0,0.0,4.0,151.0,256.0,0.0,2.0,157.0,0.0,2.6,2.0,2.0,7.0,1
44.0,1.0,4.0,118.0,165.0,0.0,0.0,144.0,1.0,2.8,3.0,0.0,6.0,1
52.0,1.0,3.0,139.0,224.0,0.0,0.0,169.0,0.0,0.0,1.0,0.0,3.0,0
62.0,1.0,2.0,119.0,282.0,0.0,2.0,103.0,0.0,1.4,2.0,1.0,7.0,1
45.0,0.0,2.0,129.0,233.0,0.0,2.0,175.0,0.0,0.6,2.0,0.0,3.0,0
44.0,1.0,4.0,110.0,292.0,0.0,2.0,153.0,0.0,0.0,1.0,1.0,3.0,1
54.0,1.0,3.0,148.0,235.0,0.0,2.0,165.0,0.0,1.6,1.0,0.0,7.0,0
68.0,1.0,4.0,144.0,197.0,1.0,0.0,141.0,0.0,3.4,2.0,2.0,7.0,1
62.0,0.0,4.0,121.0,206.0,0.0,0.0,163.0,0.0,0.0,1.0,0.0,3.0,0
58.0,1.0,4.0,147.0,269.0,0.0,2.0,111.0,1.0,0.8,1.0,0.0,7.0,1
59.0,1.0,4.0,171.0,326.0,0.0,2.0,140.0,1.0,3.4,3.0,0.0,7.0,1
69.0,1.0,1.0,162.0,234.0,1.0,2.0,131.0,0.0,0.1,2.0,1.0,3.0,0
46.0,0.0,3.0,143.0,175.0,0.0,2.0,160.0,1.0,1.4,3.0,0.0,3.0,0
57.0,1.0,4.0,164.0,296.0,1.0,2.0,124.0,0.0,1.0,2.0,3.0,7.0,1
61.0,1.0,4.0,138.0,208.0,0.0,2.0,138.0,1.0,1.9,1.0,1.0,7.0,1
53.0,0.0,3.0,129.0,215.0,0.0,2.0,115.0,0.0,0.0,1.0,0.0,3.0,0
51.0,1.0,3.0,108.0,177.0,0.0,0.0,123.0,0.0,0.6,1.0,0.0,3.0,0
44.0,1.0,4.0,110.0,292.0,0.0,2.0,153.0,0.0,0.0,1.0,1.0,3.0,1
58.0,1.0,3.0,105.0,240.0,0.0,2.0,154.0,1.0,0.6,2.0,0.0,7.0,0
52.0,1.0,2.0,120.0,323.0,0.0,0.0,172.0,0.0,0.2,1.0,0.0,3.0,0
57.0,1.0,4.0,141.0,194.0,0.0,0.0,148.0,0.0,0.4,2.0,0.0,6.0,0
50.0,1.0,3.0,127.0,197.0,0.0,0.0,163.0,0.0,0.0,1.0,0.0,3.0,0
59.0,1.0,4.0,109.0,237.0,0.0,2.0,142.0,1.0,1.2,2.0,1.0,7.0,1
51.0,1.0,3.0,98.0,222.0,0.0,0.0,143.0,1.0,1.2,2.0,0.0,3.0,0
54.0,1.0,4.0,120.0,284.0,0.0,2.0,116.0,1.0,3.2,2.0,2.0,3.0,1
63.0,0.0,2.0,139.0,196.0,0.0,0.0,179.0,0.0,0.0,1.0,2.0,3.0,0
42.0,0.0,4.0,100.0,261.0,0.0,2.0,122.0,0.0,0.6,2.0,0.0,3.0,0
58.0,0.0,3.0,118.0,341.0,0.0,0.0,172.0,0.0,0.0,1.0,0.0,3.0,0
60.0,1.0,4.0,124.0,258.0,0.0,2.0,141.0,1.0,2.8,2.0,1.0,7.0,1
60.0,1.0,3.0,141.0,184.0,0.0,2.0,155.0,0.0,3.0,2.0,0.0,3.0,1
49.0,1.0,3.0,117.0,148.0,0.0,2.0,126.0,0.0,0.8,1.0,3.0,3.0,1
60.0,1.0,4.0,132.0,253.0,0.0,0.0,144.0,1.0,1.4,1.0,1.0,7.0,1
47.0,1.0,3.0,107.0,240.0,0.0,0.0,152.0,0.0,0.0,1.0,0.0,3.0,1
62.0,0.0,4.0,139.0,294.0,1.0,0.0,106.0,0.0,1.9,2.0,3.0,3.0,1
63.0,0.0,2.0,143.0,192.0,0.0,0.0,179.0,0.0,0.0,1.0,2.0,3.0,0
70.0,1.0,2.0,156.0,248.0,0.0,2.0,143.0,0.0,0.0,1.0,0.0,3.0,0
45.0,1.0,4.0,104.0,206.0,0.0,2.0,148.0,1.0,3.0,2.0,0.0,3.0,0
41.0,0.0,2.0,103.0,195.0,0.0,0.0,168.0,0.0,0.0,1.0,1.0,3.0,0
53.0,0.0,4.0,137.0,233.0,0.0,2.0,160.0,0.0,0.0,1.0,0.0,3.0,0
58.0,1.0,4.0,150.0,265.0,0.0,2.0,111.0,1.0,0.8,1.0,0.0,7.0,1
62.0,0.0,4.0,141.0,269.0,0.0,2.0,160.0,0.0,3.6,3.0,2.0,3.0,1
71.0,0.0,2.0,161.0,301.0,0.0,0.0,162.0,0.0,0.4,1.0,2.0,3.0,0
58.0,1.0,2.0,119.0,281.0,0.0,2.0,160.0,0.0,1.8,2.0,0.0,3.0,1
60.0,0.0,3.0,122.0,181.0,1.0,0.0,96.0,0.0,0.0,1.0,0.0,3.0,0
60.0,0.0,4.0,150.0,256.0,0.0,2.0,157.0,0.0,2.6,2.0,2.0,7.0,1
61.0,0.0,4.0,147.0,305.0,0.0,2.0,146.0,1.0,1.0,2.0,0.0,7.0,1
67.0,1.0,4.0,125.0,250.0,1.0,0.0,163.0,0.0,0.2,2.0,2.0,7.0,1
55.0,1.0,2.0,130.0,262.0,0.0,0.0,155.0,0.0,0.0,1.0,0.0,3.0,0
54.0,0.0,3.0,109.0,267.0,0.0,2.0,167.0,0.0,0.0,1.0,0.0,3.0,0
43.0,1.0,4.0,131.0,249.0,1.0,2.0,143.0,1.0,0.1,2.0,0.0,7.0,1
54.0,0.0,3.0,135.0,307.0,1.0,0.0,170.0,0.0,0.0,1.0,0.0,3.0,0
55.0,1.0,2.0,129.0,259.0,0.0,0.0,155.0,0.0,0.0,1.0,0.0,3.0,0
57.0,0.0,2.0,130.0,237.0,0.0,2.0,174.0,0.0,0.0,2.0,1.0,3.0,1
71.0,0.0,3.0,109.0,263.0,1.0,2.0,130.0,0.0,0.0,1.0,1.0,3.0,0
58.0,0.0,4.0,99.0,246.0,0.0,2.0,122.0,0.0,1.0,2.0,0.0,3.0,0
50.0,0.0,3.0,120.0,217.0,0.0,0.0,158.0,0.0,1.6,2.0,0.0,3.0,0
53.0,1.0,4.0,124.0,281.0,0.0,0.0,95.0,1.0,2.0,2.0,2.0,7.0,1
65.0,0.0,3.0,158.0,362.0,0.0,2.0,151.0,0.0,0.8,1.0,0.0,3.0,0
56.0,0.0,2.0,138.0,291.0,0.0,2.0,153.0,0.0,1.3,2.0,0.0,3.0,0
50.0,1.0,4.0,143.0,199.0,0.0,2.0,126.0,1.0,0.9,2.0,0.0,7.0,1
42.0,1.0,2.0,121.0,296.0,0.0,0.0,162.0,0.0,0.0,1.0,0.0,3.0,0
52.0,1.0,1.0,151.0,300.0,1.0,0.0,178.0,0.0,1.2,2.0,0.0,7.0,0
34.0,1.0,1.0,118.0,184.0,0.0,2.0,174.0,0.0,0.0,1.0,0.0,3.0,0
51.0,1.0,1.0,124.0,218.0,0.0,2.0,125.0,1.0,1.4,1.0,1.0,3.0,0
51.0,1.0,3.0,101.0,222.0,0.0,0.0,143.0,1.0,1.2,2.0,0.0,3.0,0
67.0,1.0,4.0,160.0,285.0,0.0,2.0,108.0,1.0,1.5,2.0,3.0,3.0,1
44.0,1.0,3.0,129.0,236.0,0.0,0.0,179.0,1.0,0.4,1.0,0.0,3.0,0
57.0,1.0,4.0,150.0,277.0,0.0,2.0,112.0,1.0,0.6,2.0,1.0,6.0,1
42.0,1.0,4.0,140.0,223.0,0.0,0.0,178.0,0.0,0.0,1.0,0.0,3.0,0
45.0,1.0,1.0,110.0,267.0,0.0,0.0,132.0,0.0,1.2,2.0,0.0,7.0,1
41.0,1.0,2.0,135.0,202.0,0.0,0.0,132.0,0.0,0.0,2.0,0.0,6.0,0
59.0,0.0,4.0,174.0,249.0,0.0,0.0,143.0,1.0,0.0,2.0,0.0,3.0,1
49.0,0.0,4.0,130.0,270.0,0.0,0.0,163.0,0.0,0.0,1.0,0.0,3.0,0
61.0,1.0,4.0,119.0,260.0,0.0,0.0,140.0,1.0,3.6,2.0,1.0,7.0,1
56.0,1.0,4.0,131.0,187.0,0.0,2.0,105.0,1.0,2.1,2.0,1.0,6.0,1
68.0,1.0,3.0,121.0,277.0,0.0,0.0,151.0,0.0,1.0,1.0,1.0,7.0,0
58.0,1.0,4.0,148.0,266.0,0.0,2.0,111.0,1.0,0.8,1.0,0.0,7.0,1
44.0,1.0,3.0,140.0,237.0,0.0,2.0,180.0,0.0,0.0,1.0,0.0,3.0,0
37.0,1.0,3.0,131.0,251.0,0.0,0.0,187.0,0.0,3.5,3.0,0.0,3.0,0
54.0,0.0,3.0,106.0,266.0,0.0,2.0,167.0,0.0,0.0,1.0,0.0,3.0,0
48.0,1.0,4.0,121.0,220.0,0.0,2.0,186.0,0.0,0.0,1.0,0.0,3.0,0
65.0,0.0,4.0,151.0,223.0,0.0,2.0,114.0,0.0,1.0,2.0,3.0,7.0,1
42.0,1.0,1.0,148.0,242.0,0.0,2.0,178.0,0.0,0.8,1.0,2.0,3.0,0
67.0,1.0,4.0,118.0,238.0,0.0,0.0,71.0,0.0,1.0,2.0,0.0,3.0,1
47.0,1.0,3.0,109.0,243.0,0.0,0.0,152.0,0.0,0.0,1.0,0.0,3.0,1
67.0,1.0,4.0,121.0,237.0,0.0,0.0,71.0,0.0,1.0,2.0,0.0,3.0,1
47.0,1.0,4.0,110.0,270.0,0.0,2.0,118.0,1.0,1.0,2.0,1.0,3.0,1
59.0,1.0,4.0,169.0,325.0,0.0,2.0,140.0,1.0,3.4,3.0,0.0,7.0,1
39.0,1.0,3.0,139.0,323.0,0.0,2.0,182.0,0.0,0.0,1.0,0.0,3.0,0
55.0,0.0,2.0,136.0,251.0,0.0,2.0,161.0,0.0,1.4,2.0,0.0,3.0,0
54.0,1.0,3.0,150.0,231.0,0.0,2.0,165.0,0.0,1.6,1.0,0.0,7.0,0
64.0,1.0,4.0,128.0,266.0,0.0,0.0,105.0,1.0,0.2,2.0,1.0,7.0,0
