period,month_index,feature,drift_method,drift_score,ks_statistic,p_value,p_value_adjusted,psi_score,status
Month 1,1,age,Two-Sample KS + PSI,0.066,0.066,0.63825,0.95738,0.0422,LOW
Month 1,1,trestbps,Two-Sample KS + PSI,0.082,0.082,0.36704,0.74476,0.1513,MEDIUM
Month 1,1,chol,Two-Sample KS + PSI,0.0816,0.0816,0.37238,0.74476,0.0342,LOW
Month 1,1,thalach,Two-Sample KS + PSI,0.087,0.087,0.29841,0.74476,0.0439,LOW
Month 1,1,oldpeak,Two-Sample KS + PSI,0.0559,0.0559,0.81807,0.98169,0.0429,LOW
Month 1,1,ca,Two-Sample KS + PSI,0.0114,0.0114,1.0,1.0,0.0024,LOW
Month 2,2,age,Two-Sample KS + PSI,0.1008,0.1008,0.15891,0.23836,0.0684,LOW
Month 2,2,trestbps,Two-Sample KS + PSI,0.2044,0.2044,7e-05,0.00041,0.4478,HIGH
Month 2,2,chol,Two-Sample KS + PSI,0.1445,0.1445,0.01149,0.02299,0.1024,MEDIUM
Month 2,2,thalach,Two-Sample KS + PSI,0.1527,0.1527,0.00629,0.01887,0.1521,MEDIUM
Month 2,2,oldpeak,Two-Sample KS + PSI,0.0659,0.0659,0.6397,0.6397,0.0491,LOW
Month 2,2,ca,Two-Sample KS + PSI,0.0691,0.0691,0.58218,0.6397,0.016,LOW
Month 3,3,age,Two-Sample KS + PSI,0.3835,0.3835,0.0,0.0,0.8174,HIGH
Month 3,3,trestbps,Two-Sample KS + PSI,0.1244,0.1244,0.0432,0.0864,0.1802,MEDIUM
Month 3,3,chol,Two-Sample KS + PSI,0.0624,0.0624,0.70572,0.70572,0.0874,LOW
Month 3,3,thalach,Two-Sample KS + PSI,0.3744,0.3744,0.0,0.0,1.2064,HIGH
Month 3,3,oldpeak,Two-Sample KS + PSI,0.1144,0.1144,0.07725,0.11588,0.0548,LOW
Month 3,3,ca,Two-Sample KS + PSI,0.0691,0.0691,0.58218,0.69861,0.0256,LOW
Month 4,4,age,Two-Sample KS + PSI,0.0893,0.0893,0.27105,0.5421,0.0634,LOW
Month 4,4,trestbps,Two-Sample KS + PSI,0.3672,0.3672,0.0,0.0,1.0142,HIGH
Month 4,4,chol,Two-Sample KS + PSI,0.0967,0.0967,0.19334,0.5421,0.0767,LOW
Month 4,4,thalach,Two-Sample KS + PSI,0.0491,0.0491,0.91477,1.0,0.0718,LOW
Month 4,4,oldpeak,Two-Sample KS + PSI,0.0496,0.0496,0.90905,1.0,0.0327,LOW
Month 4,4,ca,Two-Sample KS + PSI,0.0064,0.0064,1.0,1.0,0.0003,LOW
Month 5,5,age,Two-Sample KS + PSI,0.4243,0.4243,0.0,0.0,1.1449,HIGH
Month 5,5,trestbps,Two-Sample KS + PSI,0.4722,0.4722,0.0,0.0,2.086,HIGH
Month 5,5,chol,Two-Sample KS + PSI,0.4774,0.4774,0.0,0.0,1.364,HIGH
Month 5,5,thalach,Two-Sample KS + PSI,0.4131,0.4131,0.0,0.0,1.4562,HIGH
Month 5,5,oldpeak,Two-Sample KS + PSI,0.0606,0.0606,0.73846,0.73846,0.029,LOW
Month 5,5,ca,Two-Sample KS + PSI,0.0941,0.0941,0.2188,0.26256,0.0351,LOW
