period,month_index,group_type,group,accuracy,precision,recall,fnr,fpr,gap
Month 1,1,Biological Sex,Male,0.906,0.921,0.892,0.108,0.079,0.208
Month 1,1,Biological Sex,Female,0.917,1.0,0.684,0.316,0.0,0.208
Month 1,1,Age Bracket,Younger (<55),0.944,0.955,0.84,0.16,0.016,0.007
Month 1,1,Age Bracket,Senior (>=55),0.883,0.926,0.847,0.153,0.077,0.007
Month 2,2,Biological Sex,Male,0.848,0.909,0.854,0.146,0.163,0.283
Month 2,2,Biological Sex,Female,0.88,1.0,0.571,0.429,0.0,0.283
Month 2,2,Age Bracket,Younger (<55),0.928,0.923,0.857,0.143,0.036,0.084
Month 2,2,Age Bracket,Senior (>=55),0.812,0.921,0.773,0.227,0.119,0.084
Month 3,3,Biological Sex,Male,0.898,0.899,0.934,0.066,0.154,0.142
Month 3,3,Biological Sex,Female,0.931,1.0,0.792,0.208,0.0,0.142
Month 3,3,Age Bracket,Younger (<55),0.967,1.0,0.667,0.333,0.0,0.24
Month 3,3,Age Bracket,Senior (>=55),0.9,0.917,0.907,0.093,0.11,0.24
Month 4,4,Biological Sex,Male,0.798,0.87,0.784,0.216,0.182,0.01
Month 4,4,Biological Sex,Female,0.914,0.889,0.774,0.226,0.035,0.01
Month 4,4,Age Bracket,Younger (<55),0.925,1.0,0.75,0.25,0.0,0.043
Month 4,4,Age Bracket,Senior (>=55),0.825,0.836,0.793,0.207,0.145,0.043
Month 5,5,Biological Sex,Male,0.851,0.856,0.939,0.061,0.333,0.026
Month 5,5,Biological Sex,Female,0.911,0.808,0.913,0.087,0.089,0.026
Month 5,5,Age Bracket,Younger (<55),0.95,0.778,1.0,0.0,0.061,0.071
Month 5,5,Age Bracket,Senior (>=55),0.856,0.85,0.929,0.071,0.258,0.071
